question,answer
which soil is suitable for wheat?,Alluvial soil
wheat in which soil?,Alluvial soil
soil for wheat?,Alluvial soil
wheat is grown in which soil?,Alluvial soil
which soil is suitable for ginger?,A friable loam rich in humus and well drained
ginger in which soil?,A friable loam rich in humus and well drained
soil for ginger?,A friable loam rich in humus and well drained
ginger is grown in which soil?,A friable loam rich in humus and well drained
which soil is suitable for potato?, Sandy loam and loamy soil rich in organic matter with good drainage and aeration
potato in which soil?, Sandy loam and loamy soil rich in organic matter with good drainage and aeration
soil for potato?, Sandy loam and loamy soil rich in organic matter with good drainage and aeration
potato is grown in which soil?, Sandy loam and loamy soil rich in organic matter with good drainage and aeration
Which set of conditions is necessary for a good cultivation of wheat?,Moderate temperature and moderate rainfall
conditions good for cultivation of wheat,Moderate temperature and moderate rainfall
wheat farming suitable/best conditions,Moderate temperature and moderate rainfall
conditions for wheat farming,Moderate temperature and moderate rainfall
Field Crops in Bankura,"Rice, wheat, oilseeds and vegetables"
Bankura field crops,"Rice, wheat, oilseeds and vegetables"
Bakura has field crops?,"Rice, wheat, oilseeds and vegetables"
field Crops which are grown in Bankura,"Rice, wheat, oilseeds and vegetables"
Crops in Sunderbans,"Coconut, Betel Nut and Watermelon"
Sunderbans crops,"Coconut, Betel Nut and Watermelon"
Sunderbans has crops?,"Coconut, Betel Nut and Watermelon"
Crops which are grown in Sunderbans,"Coconut, Betel Nut and Watermelon"
Which climate is best for jute,Hot and humid climate with occasional rainfall during pre-monsoon season in Terai Zone of West Bengal
Suitable climate for jute,Hot and humid climate with occasional rainfall during pre-monsoon season in Terai Zone of West Bengal
Best climate for jute,Hot and humid climate with occasional rainfall during pre-monsoon season in Terai Zone of West Bengal
optimum climate for jute,Hot and humid climate with occasional rainfall during pre-monsoon season in Terai Zone of West Bengal
jute should be grown in which climate,Hot and humid climate with occasional rainfall during pre-monsoon season in Terai Zone of West Bengal
Which climate is best for wheat,Temperatures ranging from 20 to 25 Celsius.  Areas with a warm and damp climate are not suited for wheat growing.
Suitable climate for wheat,Temperatures ranging from 20 to 25 Celsius.  Areas with a warm and damp climate are not suited for wheat growing.
Best climate for wheat,Temperatures ranging from 20 to 25 Celsius.  Areas with a warm and damp climate are not suited for wheat growing.
Dry land farming in India is largely confined to areas with rainfall less than,75 cms
How much rain is needed for dry land farming in india,75 cms
dry land farming ideal rainfall,75 cms
ideal rainfall farming in dry land,75 cms
How do you preserve soil fertility,"Fertilisation, Crop rotation, Intercropping"
Measures to preserve soil fertility,"Fertilisation, Crop rotation, Intercropping"
soil fertility preserving measures,"Fertilisation, Crop rotation, Intercropping"
How to maintain soil fertility,"Fertilisation, Crop rotation, Intercropping"
koter spot disease of turnip,Deficiency of calcium
what causes koter spot disease of turnip,Deficiency of calcium
koter spot disease turnip,Deficiency of calcium
Deficiency of which nutrient causes Koter spot disease of turnip?,Deficiency of calcium
Most suitable fertilizer for accelerating seeding in later stages of plant growth?,Phosphatic
which ferilizer to use for seeding at later stage,Phosphatic
best fertilizer seeding,Phosphatic
which fertilizer I should buy for seeding at later stages,Phosphatic
What is the best time to plant rice?,"The best time to plant rice depends on your region, but generally it is during the monsoon season between June and July."
How often should I water tomato plants?,"Tomato plants should be watered every 2-3 days, keeping the soil moist but not waterlogged."
What fertilizer is good for wheat crops?,"A balanced fertilizer with nitrogen, phosphorus, and potassium (NPK 10-26-26) is recommended for wheat crops."
How can I control pests on my cotton farm?,"Use integrated pest management including neem-based pesticides, pheromone traps, and crop rotation."
Which crop is best for sandy soil?,"Crops like groundnut, millets, and watermelon grow well in sandy soils."
What is the best time to plant rice?,"The best time to plant rice depends on your region, but generally it is during the monsoon season between June and July."
How often should I water tomato plants?,"Tomato plants should be watered every 2-3 days, keeping the soil moist but not waterlogged."
What fertilizer is good for wheat crops?,"A balanced fertilizer with nitrogen, phosphorus, and potassium (NPK 10-26-26) is recommended for wheat crops."
How can I control pests on my cotton farm?,"Use integrated pest management including neem-based pesticides, pheromone traps, and crop rotation."
Which crop is best for sandy soil?,"Crops like groundnut, millets, and watermelon grow well in sandy soils."
What is the best time to plant rice?,"The best time to plant rice depends on your region, but generally it is during the monsoon season between June and July."
How often should I water tomato plants?,"Tomato plants should be watered every 2-3 days, keeping the soil moist but not waterlogged."
What fertilizer is good for wheat crops?,"A balanced fertilizer with nitrogen, phosphorus, and potassium (NPK 10-26-26) is recommended for wheat crops."
How can I control pests on my cotton farm?,"Use integrated pest management including neem-based pesticides, pheromone traps, and crop rotation."
Which crop is best for sandy soil?,"Crops like groundnut, millets, and watermelon grow well in sandy soils."
What is the best time to plant rice?,"The best time to plant rice depends on your region, but generally it is during the monsoon season between June and July."
How often should I water tomato plants?,"Tomato plants should be watered every 2-3 days, keeping the soil moist but not waterlogged."
What fertilizer is good for wheat crops?,"A balanced fertilizer with nitrogen, phosphorus, and potassium (NPK 10-26-26) is recommended for wheat crops."
How can I control pests on my cotton farm?,"Use integrated pest management including neem-based pesticides, pheromone traps, and crop rotation."
Which crop is best for sandy soil?,"Crops like groundnut, millets, and watermelon grow well in sandy soils."
What is the best time to plant rice?,"The best time to plant rice depends on your region, but generally it is during the monsoon season between June and July."
How often should I water tomato plants?,"Tomato plants should be watered every 2-3 days, keeping the soil moist but not waterlogged."
What fertilizer is good for wheat crops?,"A balanced fertilizer with nitrogen, phosphorus, and potassium (NPK 10-26-26) is recommended for wheat crops."
How can I control pests on my cotton farm?,"Use integrated pest management including neem-based pesticides, pheromone traps, and crop rotation."
Which crop is best for sandy soil?,"Crops like groundnut, millets, and watermelon grow well in sandy soils."
What is the best time to plant rice?,"The best time to plant rice depends on your region, but generally it is during the monsoon season between June and July."
How often should I water tomato plants?,"Tomato plants should be watered every 2-3 days, keeping the soil moist but not waterlogged."
What fertilizer is good for wheat crops?,"A balanced fertilizer with nitrogen, phosphorus, and potassium (NPK 10-26-26) is recommended for wheat crops."
How can I control pests on my cotton farm?,"Use integrated pest management including neem-based pesticides, pheromone traps, and crop rotation."
Which crop is best for sandy soil?,"Crops like groundnut, millets, and watermelon grow well in sandy soils."
What is the best time to plant rice?,"The best time to plant rice depends on your region, but generally it is during the monsoon season between June and July."
How often should I water tomato plants?,"Tomato plants should be watered every 2-3 days, keeping the soil moist but not waterlogged."
What fertilizer is good for wheat crops?,"A balanced fertilizer with nitrogen, phosphorus, and potassium (NPK 10-26-26) is recommended for wheat crops."
How can I control pests on my cotton farm?,"Use integrated pest management including neem-based pesticides, pheromone traps, and crop rotation."
Which crop is best for sandy soil?,"Crops like groundnut, millets, and watermelon grow well in sandy soils."
What is the best time to plant rice?,"The best time to plant rice depends on your region, but generally it is during the monsoon season between June and July."
How often should I water tomato plants?,"Tomato plants should be watered every 2-3 days, keeping the soil moist but not waterlogged."
What fertilizer is good for wheat crops?,"A balanced fertilizer with nitrogen, phosphorus, and potassium (NPK 10-26-26) is recommended for wheat crops."
How can I control pests on my cotton farm?,"Use integrated pest management including neem-based pesticides, pheromone traps, and crop rotation."
Which crop is best for sandy soil?,"Crops like groundnut, millets, and watermelon grow well in sandy soils."
What is the best time to plant rice?,"The best time to plant rice depends on your region, but generally it is during the monsoon season between June and July."
How often should I water tomato plants?,"Tomato plants should be watered every 2-3 days, keeping the soil moist but not waterlogged."
What fertilizer is good for wheat crops?,"A balanced fertilizer with nitrogen, phosphorus, and potassium (NPK 10-26-26) is recommended for wheat crops."
How can I control pests on my cotton farm?,"Use integrated pest management including neem-based pesticides, pheromone traps, and crop rotation."
Which crop is best for sandy soil?,"Crops like groundnut, millets, and watermelon grow well in sandy soils."
What is the best time to plant rice?,"The best time to plant rice depends on your region, but generally it is during the monsoon season between June and July."
How often should I water tomato plants?,"Tomato plants should be watered every 2-3 days, keeping the soil moist but not waterlogged."
What fertilizer is good for wheat crops?,"A balanced fertilizer with nitrogen, phosphorus, and potassium (NPK 10-26-26) is recommended for wheat crops."
How can I control pests on my cotton farm?,"Use integrated pest management including neem-based pesticides, pheromone traps, and crop rotation."
Which crop is best for sandy soil?,"Crops like groundnut, millets, and watermelon grow well in sandy soils."
What is the best time to plant rice?,"The best time to plant rice depends on your region, but generally it is during the monsoon season between June and July."
How often should I water tomato plants?,"Tomato plants should be watered every 2-3 days, keeping the soil moist but not waterlogged."
What fertilizer is good for wheat crops?,"A balanced fertilizer with nitrogen, phosphorus, and potassium (NPK 10-26-26) is recommended for wheat crops."
How can I control pests on my cotton farm?,"Use integrated pest management including neem-based pesticides, pheromone traps, and crop rotation."
Which crop is best for sandy soil?,"Crops like groundnut, millets, and watermelon grow well in sandy soils."
What is the best time to plant rice?,"The best time to plant rice depends on your region, but generally it is during the monsoon season between June and July."
How often should I water tomato plants?,"Tomato plants should be watered every 2-3 days, keeping the soil moist but not waterlogged."
What fertilizer is good for wheat crops?,"A balanced fertilizer with nitrogen, phosphorus, and potassium (NPK 10-26-26) is recommended for wheat crops."
How can I control pests on my cotton farm?,"Use integrated pest management including neem-based pesticides, pheromone traps, and crop rotation."
Which crop is best for sandy soil?,"Crops like groundnut, millets, and watermelon grow well in sandy soils."
What is the best time to plant rice?,"The best time to plant rice depends on your region, but generally it is during the monsoon season between June and July."
How often should I water tomato plants?,"Tomato plants should be watered every 2-3 days, keeping the soil moist but not waterlogged."
What fertilizer is good for wheat crops?,"A balanced fertilizer with nitrogen, phosphorus, and potassium (NPK 10-26-26) is recommended for wheat crops."
How can I control pests on my cotton farm?,"Use integrated pest management including neem-based pesticides, pheromone traps, and crop rotation."
Which crop is best for sandy soil?,"Crops like groundnut, millets, and watermelon grow well in sandy soils."
What is the best time to plant rice?,"The best time to plant rice depends on your region, but generally it is during the monsoon season between June and July."
How often should I water tomato plants?,"Tomato plants should be watered every 2-3 days, keeping the soil moist but not waterlogged."
What fertilizer is good for wheat crops?,"A balanced fertilizer with nitrogen, phosphorus, and potassium (NPK 10-26-26) is recommended for wheat crops."
How can I control pests on my cotton farm?,"Use integrated pest management including neem-based pesticides, pheromone traps, and crop rotation."
Which crop is best for sandy soil?,"Crops like groundnut, millets, and watermelon grow well in sandy soils."
What is the best time to plant rice?,"The best time to plant rice depends on your region, but generally it is during the monsoon season between June and July."
How often should I water tomato plants?,"Tomato plants should be watered every 2-3 days, keeping the soil moist but not waterlogged."
What fertilizer is good for wheat crops?,"A balanced fertilizer with nitrogen, phosphorus, and potassium (NPK 10-26-26) is recommended for wheat crops."
How can I control pests on my cotton farm?,"Use integrated pest management including neem-based pesticides, pheromone traps, and crop rotation."
Which crop is best for sandy soil?,"Crops like groundnut, millets, and watermelon grow well in sandy soils."
What is the best time to plant rice?,"The best time to plant rice depends on your region, but generally it is during the monsoon season between June and July."
How often should I water tomato plants?,"Tomato plants should be watered every 2-3 days, keeping the soil moist but not waterlogged."
What fertilizer is good for wheat crops?,"A balanced fertilizer with nitrogen, phosphorus, and potassium (NPK 10-26-26) is recommended for wheat crops."
How can I control pests on my cotton farm?,"Use integrated pest management including neem-based pesticides, pheromone traps, and crop rotation."
Which crop is best for sandy soil?,"Crops like groundnut, millets, and watermelon grow well in sandy soils."
What is the best time to plant rice?,"The best time to plant rice depends on your region, but generally it is during the monsoon season between June and July."
How often should I water tomato plants?,"Tomato plants should be watered every 2-3 days, keeping the soil moist but not waterlogged."
What fertilizer is good for wheat crops?,"A balanced fertilizer with nitrogen, phosphorus, and potassium (NPK 10-26-26) is recommended for wheat crops."
How can I control pests on my cotton farm?,"Use integrated pest management including neem-based pesticides, pheromone traps, and crop rotation."
Which crop is best for sandy soil?,"Crops like groundnut, millets, and watermelon grow well in sandy soils."
What is the best time to plant rice?,"The best time to plant rice depends on your region, but generally it is during the monsoon season between June and July."
How often should I water tomato plants?,"Tomato plants should be watered every 2-3 days, keeping the soil moist but not waterlogged."
What fertilizer is good for wheat crops?,"A balanced fertilizer with nitrogen, phosphorus, and potassium (NPK 10-26-26) is recommended for wheat crops."
How can I control pests on my cotton farm?,"Use integrated pest management including neem-based pesticides, pheromone traps, and crop rotation."
Which crop is best for sandy soil?,"Crops like groundnut, millets, and watermelon grow well in sandy soils."
What is the best time to plant rice?,"The best time to plant rice depends on your region, but generally it is during the monsoon season between June and July."
How often should I water tomato plants?,"Tomato plants should be watered every 2-3 days, keeping the soil moist but not waterlogged."
What fertilizer is good for wheat crops?,"A balanced fertilizer with nitrogen, phosphorus, and potassium (NPK 10-26-26) is recommended for wheat crops."
How can I control pests on my cotton farm?,"Use integrated pest management including neem-based pesticides, pheromone traps, and crop rotation."
Which crop is best for sandy soil?,"Crops like groundnut, millets, and watermelon grow well in sandy soils."
What is the best time to plant rice?,"The best time to plant rice depends on your region, but generally it is during the monsoon season between June and July."
How often should I water tomato plants?,"Tomato plants should be watered every 2-3 days, keeping the soil moist but not waterlogged."
What fertilizer is good for wheat crops?,"A balanced fertilizer with nitrogen, phosphorus, and potassium (NPK 10-26-26) is recommended for wheat crops."
How can I control pests on my cotton farm?,"Use integrated pest management including neem-based pesticides, pheromone traps, and crop rotation."
Which crop is best for sandy soil?,"Crops like groundnut, millets, and watermelon grow well in sandy soils."
What is the best time to plant rice?,"The best time to plant rice depends on your region, but generally it is during the monsoon season between June and July."
How often should I water tomato plants?,"Tomato plants should be watered every 2-3 days, keeping the soil moist but not waterlogged."
What fertilizer is good for wheat crops?,"A balanced fertilizer with nitrogen, phosphorus, and potassium (NPK 10-26-26) is recommended for wheat crops."
How can I control pests on my cotton farm?,"Use integrated pest management including neem-based pesticides, pheromone traps, and crop rotation."
Which crop is best for sandy soil?,"Crops like groundnut, millets, and watermelon grow well in sandy soils."
What is the best time to plant rice?,"The best time to plant rice depends on your region, but generally it is during the monsoon season between June and July."
How often should I water tomato plants?,"Tomato plants should be watered every 2-3 days, keeping the soil moist but not waterlogged."
What fertilizer is good for wheat crops?,"A balanced fertilizer with nitrogen, phosphorus, and potassium (NPK 10-26-26) is recommended for wheat crops."
How can I control pests on my cotton farm?,"Use integrated pest management including neem-based pesticides, pheromone traps, and crop rotation."
Which crop is best for sandy soil?,"Crops like groundnut, millets, and watermelon grow well in sandy soils."
What is the best time to plant rice?,"The best time to plant rice depends on your region, but generally it is during the monsoon season between June and July."
How often should I water tomato plants?,"Tomato plants should be watered every 2-3 days, keeping the soil moist but not waterlogged."
What fertilizer is good for wheat crops?,"A balanced fertilizer with nitrogen, phosphorus, and potassium (NPK 10-26-26) is recommended for wheat crops."
How can I control pests on my cotton farm?,"Use integrated pest management including neem-based pesticides, pheromone traps, and crop rotation."
Which crop is best for sandy soil?,"Crops like groundnut, millets, and watermelon grow well in sandy soils."
What is the best time to plant rice?,"The best time to plant rice depends on your region, but generally it is during the monsoon season between June and July."
How often should I water tomato plants?,"Tomato plants should be watered every 2-3 days, keeping the soil moist but not waterlogged."
What fertilizer is good for wheat crops?,"A balanced fertilizer with nitrogen, phosphorus, and potassium (NPK 10-26-26) is recommended for wheat crops."
How can I control pests on my cotton farm?,"Use integrated pest management including neem-based pesticides, pheromone traps, and crop rotation."
Which crop is best for sandy soil?,"Crops like groundnut, millets, and watermelon grow well in sandy soils."
What is the best time to plant rice?,"The best time to plant rice depends on your region, but generally it is during the monsoon season between June and July."
How often should I water tomato plants?,"Tomato plants should be watered every 2-3 days, keeping the soil moist but not waterlogged."
What fertilizer is good for wheat crops?,"A balanced fertilizer with nitrogen, phosphorus, and potassium (NPK 10-26-26) is recommended for wheat crops."
How can I control pests on my cotton farm?,"Use integrated pest management including neem-based pesticides, pheromone traps, and crop rotation."
Which crop is best for sandy soil?,"Crops like groundnut, millets, and watermelon grow well in sandy soils."
What is the best time to plant rice?,"The best time to plant rice depends on your region, but generally it is during the monsoon season between June and July."
How often should I water tomato plants?,"Tomato plants should be watered every 2-3 days, keeping the soil moist but not waterlogged."
What fertilizer is good for wheat crops?,"A balanced fertilizer with nitrogen, phosphorus, and potassium (NPK 10-26-26) is recommended for wheat crops."
How can I control pests on my cotton farm?,"Use integrated pest management including neem-based pesticides, pheromone traps, and crop rotation."
Which crop is best for sandy soil?,"Crops like groundnut, millets, and watermelon grow well in sandy soils."
What is the best time to plant rice?,"The best time to plant rice depends on your region, but generally it is during the monsoon season between June and July."
How often should I water tomato plants?,"Tomato plants should be watered every 2-3 days, keeping the soil moist but not waterlogged."
What fertilizer is good for wheat crops?,"A balanced fertilizer with nitrogen, phosphorus, and potassium (NPK 10-26-26) is recommended for wheat crops."
How can I control pests on my cotton farm?,"Use integrated pest management including neem-based pesticides, pheromone traps, and crop rotation."
Which crop is best for sandy soil?,"Crops like groundnut, millets, and watermelon grow well in sandy soils."
What is the best time to plant rice?,"The best time to plant rice depends on your region, but generally it is during the monsoon season between June and July."
How often should I water tomato plants?,"Tomato plants should be watered every 2-3 days, keeping the soil moist but not waterlogged."
What fertilizer is good for wheat crops?,"A balanced fertilizer with nitrogen, phosphorus, and potassium (NPK 10-26-26) is recommended for wheat crops."
How can I control pests on my cotton farm?,"Use integrated pest management including neem-based pesticides, pheromone traps, and crop rotation."
Which crop is best for sandy soil?,"Crops like groundnut, millets, and watermelon grow well in sandy soils."
What is the best time to plant rice?,"The best time to plant rice depends on your region, but generally it is during the monsoon season between June and July."
How often should I water tomato plants?,"Tomato plants should be watered every 2-3 days, keeping the soil moist but not waterlogged."
What fertilizer is good for wheat crops?,"A balanced fertilizer with nitrogen, phosphorus, and potassium (NPK 10-26-26) is recommended for wheat crops."
How can I control pests on my cotton farm?,"Use integrated pest management including neem-based pesticides, pheromone traps, and crop rotation."
Which crop is best for sandy soil?,"Crops like groundnut, millets, and watermelon grow well in sandy soils."
What is the best time to plant rice?,"The best time to plant rice depends on your region, but generally it is during the monsoon season between June and July."
How often should I water tomato plants?,"Tomato plants should be watered every 2-3 days, keeping the soil moist but not waterlogged."
What fertilizer is good for wheat crops?,"A balanced fertilizer with nitrogen, phosphorus, and potassium (NPK 10-26-26) is recommended for wheat crops."
How can I control pests on my cotton farm?,"Use integrated pest management including neem-based pesticides, pheromone traps, and crop rotation."
Which crop is best for sandy soil?,"Crops like groundnut, millets, and watermelon grow well in sandy soils."
What is the best time to plant rice?,"The best time to plant rice depends on your region, but generally it is during the monsoon season between June and July."
How often should I water tomato plants?,"Tomato plants should be watered every 2-3 days, keeping the soil moist but not waterlogged."
What fertilizer is good for wheat crops?,"A balanced fertilizer with nitrogen, phosphorus, and potassium (NPK 10-26-26) is recommended for wheat crops."
How can I control pests on my cotton farm?,"Use integrated pest management including neem-based pesticides, pheromone traps, and crop rotation."
Which crop is best for sandy soil?,"Crops like groundnut, millets, and watermelon grow well in sandy soils."
What is the best time to plant rice?,"The best time to plant rice depends on your region, but generally it is during the monsoon season between June and July."
How often should I water tomato plants?,"Tomato plants should be watered every 2-3 days, keeping the soil moist but not waterlogged."
What fertilizer is good for wheat crops?,"A balanced fertilizer with nitrogen, phosphorus, and potassium (NPK 10-26-26) is recommended for wheat crops."
How can I control pests on my cotton farm?,"Use integrated pest management including neem-based pesticides, pheromone traps, and crop rotation."
Which crop is best for sandy soil?,"Crops like groundnut, millets, and watermelon grow well in sandy soils."
What is the best time to plant rice?,"The best time to plant rice depends on your region, but generally it is during the monsoon season between June and July."
How often should I water tomato plants?,"Tomato plants should be watered every 2-3 days, keeping the soil moist but not waterlogged."
What fertilizer is good for wheat crops?,"A balanced fertilizer with nitrogen, phosphorus, and potassium (NPK 10-26-26) is recommended for wheat crops."
How can I control pests on my cotton farm?,"Use integrated pest management including neem-based pesticides, pheromone traps, and crop rotation."
Which crop is best for sandy soil?,"Crops like groundnut, millets, and watermelon grow well in sandy soils."
What is the best time to plant rice?,"The best time to plant rice depends on your region, but generally it is during the monsoon season between June and July."
How often should I water tomato plants?,"Tomato plants should be watered every 2-3 days, keeping the soil moist but not waterlogged."
What fertilizer is good for wheat crops?,"A balanced fertilizer with nitrogen, phosphorus, and potassium (NPK 10-26-26) is recommended for wheat crops."
How can I control pests on my cotton farm?,"Use integrated pest management including neem-based pesticides, pheromone traps, and crop rotation."
Which crop is best for sandy soil?,"Crops like groundnut, millets, and watermelon grow well in sandy soils."
What is the best time to plant rice?,"The best time to plant rice depends on your region, but generally it is during the monsoon season between June and July."
How often should I water tomato plants?,"Tomato plants should be watered every 2-3 days, keeping the soil moist but not waterlogged."
What fertilizer is good for wheat crops?,"A balanced fertilizer with nitrogen, phosphorus, and potassium (NPK 10-26-26) is recommended for wheat crops."
How can I control pests on my cotton farm?,"Use integrated pest management including neem-based pesticides, pheromone traps, and crop rotation."
Which crop is best for sandy soil?,"Crops like groundnut, millets, and watermelon grow well in sandy soils."
What is the best time to plant rice?,"The best time to plant rice depends on your region, but generally it is during the monsoon season between June and July."
How often should I water tomato plants?,"Tomato plants should be watered every 2-3 days, keeping the soil moist but not waterlogged."
What fertilizer is good for wheat crops?,"A balanced fertilizer with nitrogen, phosphorus, and potassium (NPK 10-26-26) is recommended for wheat crops."
How can I control pests on my cotton farm?,"Use integrated pest management including neem-based pesticides, pheromone traps, and crop rotation."
Which crop is best for sandy soil?,"Crops like groundnut, millets, and watermelon grow well in sandy soils."
What is the best time to plant rice?,"The best time to plant rice depends on your region, but generally it is during the monsoon season between June and July."
How often should I water tomato plants?,"Tomato plants should be watered every 2-3 days, keeping the soil moist but not waterlogged."
What fertilizer is good for wheat crops?,"A balanced fertilizer with nitrogen, phosphorus, and potassium (NPK 10-26-26) is recommended for wheat crops."
How can I control pests on my cotton farm?,"Use integrated pest management including neem-based pesticides, pheromone traps, and crop rotation."
Which crop is best for sandy soil?,"Crops like groundnut, millets, and watermelon grow well in sandy soils."
What is the best time to plant rice?,"The best time to plant rice depends on your region, but generally it is during the monsoon season between June and July."
How often should I water tomato plants?,"Tomato plants should be watered every 2-3 days, keeping the soil moist but not waterlogged."
What fertilizer is good for wheat crops?,"A balanced fertilizer with nitrogen, phosphorus, and potassium (NPK 10-26-26) is recommended for wheat crops."
How can I control pests on my cotton farm?,"Use integrated pest management including neem-based pesticides, pheromone traps, and crop rotation."
Which crop is best for sandy soil?,"Crops like groundnut, millets, and watermelon grow well in sandy soils."
What is the best time to plant rice?,"The best time to plant rice depends on your region, but generally it is during the monsoon season between June and July."
How often should I water tomato plants?,"Tomato plants should be watered every 2-3 days, keeping the soil moist but not waterlogged."
What fertilizer is good for wheat crops?,"A balanced fertilizer with nitrogen, phosphorus, and potassium (NPK 10-26-26) is recommended for wheat crops."
How can I control pests on my cotton farm?,"Use integrated pest management including neem-based pesticides, pheromone traps, and crop rotation."
Which crop is best for sandy soil?,"Crops like groundnut, millets, and watermelon grow well in sandy soils."
What is the best time to plant rice?,"The best time to plant rice depends on your region, but generally it is during the monsoon season between June and July."
How often should I water tomato plants?,"Tomato plants should be watered every 2-3 days, keeping the soil moist but not waterlogged."
What fertilizer is good for wheat crops?,"A balanced fertilizer with nitrogen, phosphorus, and potassium (NPK 10-26-26) is recommended for wheat crops."
How can I control pests on my cotton farm?,"Use integrated pest management including neem-based pesticides, pheromone traps, and crop rotation."
Which crop is best for sandy soil?,"Crops like groundnut, millets, and watermelon grow well in sandy soils."
What is the best time to plant rice?,"The best time to plant rice depends on your region, but generally it is during the monsoon season between June and July."
How often should I water tomato plants?,"Tomato plants should be watered every 2-3 days, keeping the soil moist but not waterlogged."
What fertilizer is good for wheat crops?,"A balanced fertilizer with nitrogen, phosphorus, and potassium (NPK 10-26-26) is recommended for wheat crops."
How can I control pests on my cotton farm?,"Use integrated pest management including neem-based pesticides, pheromone traps, and crop rotation."
Which crop is best for sandy soil?,"Crops like groundnut, millets, and watermelon grow well in sandy soils."
What is the best time to plant rice?,"The best time to plant rice depends on your region, but generally it is during the monsoon season between June and July."
How often should I water tomato plants?,"Tomato plants should be watered every 2-3 days, keeping the soil moist but not waterlogged."
What fertilizer is good for wheat crops?,"A balanced fertilizer with nitrogen, phosphorus, and potassium (NPK 10-26-26) is recommended for wheat crops."
How can I control pests on my cotton farm?,"Use integrated pest management including neem-based pesticides, pheromone traps, and crop rotation."
Which crop is best for sandy soil?,"Crops like groundnut, millets, and watermelon grow well in sandy soils."
What is the best time to plant rice?,"The best time to plant rice depends on your region, but generally it is during the monsoon season between June and July."
How often should I water tomato plants?,"Tomato plants should be watered every 2-3 days, keeping the soil moist but not waterlogged."
What fertilizer is good for wheat crops?,"A balanced fertilizer with nitrogen, phosphorus, and potassium (NPK 10-26-26) is recommended for wheat crops."
How can I control pests on my cotton farm?,"Use integrated pest management including neem-based pesticides, pheromone traps, and crop rotation."
Which crop is best for sandy soil?,"Crops like groundnut, millets, and watermelon grow well in sandy soils."
What is the best time to plant rice?,"The best time to plant rice depends on your region, but generally it is during the monsoon season between June and July."
How often should I water tomato plants?,"Tomato plants should be watered every 2-3 days, keeping the soil moist but not waterlogged."
What fertilizer is good for wheat crops?,"A balanced fertilizer with nitrogen, phosphorus, and potassium (NPK 10-26-26) is recommended for wheat crops."
How can I control pests on my cotton farm?,"Use integrated pest management including neem-based pesticides, pheromone traps, and crop rotation."
Which crop is best for sandy soil?,"Crops like groundnut, millets, and watermelon grow well in sandy soils."
What is the best time to plant rice?,"The best time to plant rice depends on your region, but generally it is during the monsoon season between June and July."
How often should I water tomato plants?,"Tomato plants should be watered every 2-3 days, keeping the soil moist but not waterlogged."
What fertilizer is good for wheat crops?,"A balanced fertilizer with nitrogen, phosphorus, and potassium (NPK 10-26-26) is recommended for wheat crops."
How can I control pests on my cotton farm?,"Use integrated pest management including neem-based pesticides, pheromone traps, and crop rotation."
Which crop is best for sandy soil?,"Crops like groundnut, millets, and watermelon grow well in sandy soils."
What is the best time to plant rice?,"The best time to plant rice depends on your region, but generally it is during the monsoon season between June and July."
How often should I water tomato plants?,"Tomato plants should be watered every 2-3 days, keeping the soil moist but not waterlogged."
What fertilizer is good for wheat crops?,"A balanced fertilizer with nitrogen, phosphorus, and potassium (NPK 10-26-26) is recommended for wheat crops."
How can I control pests on my cotton farm?,"Use integrated pest management including neem-based pesticides, pheromone traps, and crop rotation."
Which crop is best for sandy soil?,"Crops like groundnut, millets, and watermelon grow well in sandy soils."
What is the best time to plant rice?,"The best time to plant rice depends on your region, but generally it is during the monsoon season between June and July."
How often should I water tomato plants?,"Tomato plants should be watered every 2-3 days, keeping the soil moist but not waterlogged."
What fertilizer is good for wheat crops?,"A balanced fertilizer with nitrogen, phosphorus, and potassium (NPK 10-26-26) is recommended for wheat crops."
How can I control pests on my cotton farm?,"Use integrated pest management including neem-based pesticides, pheromone traps, and crop rotation."
Which crop is best for sandy soil?,"Crops like groundnut, millets, and watermelon grow well in sandy soils."
What is the best time to plant rice?,"The best time to plant rice depends on your region, but generally it is during the monsoon season between June and July."
How often should I water tomato plants?,"Tomato plants should be watered every 2-3 days, keeping the soil moist but not waterlogged."
What fertilizer is good for wheat crops?,"A balanced fertilizer with nitrogen, phosphorus, and potassium (NPK 10-26-26) is recommended for wheat crops."
How can I control pests on my cotton farm?,"Use integrated pest management including neem-based pesticides, pheromone traps, and crop rotation."
Which crop is best for sandy soil?,"Crops like groundnut, millets, and watermelon grow well in sandy soils."
What is the best time to plant rice?,"The best time to plant rice depends on your region, but generally it is during the monsoon season between June and July."
How often should I water tomato plants?,"Tomato plants should be watered every 2-3 days, keeping the soil moist but not waterlogged."
What fertilizer is good for wheat crops?,"A balanced fertilizer with nitrogen, phosphorus, and potassium (NPK 10-26-26) is recommended for wheat crops."
How can I control pests on my cotton farm?,"Use integrated pest management including neem-based pesticides, pheromone traps, and crop rotation."
Which crop is best for sandy soil?,"Crops like groundnut, millets, and watermelon grow well in sandy soils."
What is the best time to plant rice?,"The best time to plant rice depends on your region, but generally it is during the monsoon season between June and July."
How often should I water tomato plants?,"Tomato plants should be watered every 2-3 days, keeping the soil moist but not waterlogged."
What fertilizer is good for wheat crops?,"A balanced fertilizer with nitrogen, phosphorus, and potassium (NPK 10-26-26) is recommended for wheat crops."
How can I control pests on my cotton farm?,"Use integrated pest management including neem-based pesticides, pheromone traps, and crop rotation."
Which crop is best for sandy soil?,"Crops like groundnut, millets, and watermelon grow well in sandy soils."
What is the best time to plant rice?,"The best time to plant rice depends on your region, but generally it is during the monsoon season between June and July."
How often should I water tomato plants?,"Tomato plants should be watered every 2-3 days, keeping the soil moist but not waterlogged."
What fertilizer is good for wheat crops?,"A balanced fertilizer with nitrogen, phosphorus, and potassium (NPK 10-26-26) is recommended for wheat crops."
How can I control pests on my cotton farm?,"Use integrated pest management including neem-based pesticides, pheromone traps, and crop rotation."
Which crop is best for sandy soil?,"Crops like groundnut, millets, and watermelon grow well in sandy soils."
What is the best time to plant rice?,"The best time to plant rice depends on your region, but generally it is during the monsoon season between June and July."
How often should I water tomato plants?,"Tomato plants should be watered every 2-3 days, keeping the soil moist but not waterlogged."
What fertilizer is good for wheat crops?,"A balanced fertilizer with nitrogen, phosphorus, and potassium (NPK 10-26-26) is recommended for wheat crops."
How can I control pests on my cotton farm?,"Use integrated pest management including neem-based pesticides, pheromone traps, and crop rotation."
Which crop is best for sandy soil?,"Crops like groundnut, millets, and watermelon grow well in sandy soils."
What is the best time to plant rice?,"The best time to plant rice depends on your region, but generally it is during the monsoon season between June and July."
How often should I water tomato plants?,"Tomato plants should be watered every 2-3 days, keeping the soil moist but not waterlogged."
What fertilizer is good for wheat crops?,"A balanced fertilizer with nitrogen, phosphorus, and potassium (NPK 10-26-26) is recommended for wheat crops."
How can I control pests on my cotton farm?,"Use integrated pest management including neem-based pesticides, pheromone traps, and crop rotation."
Which crop is best for sandy soil?,"Crops like groundnut, millets, and watermelon grow well in sandy soils."
What is the best time to plant rice?,"The best time to plant rice depends on your region, but generally it is during the monsoon season between June and July."
How often should I water tomato plants?,"Tomato plants should be watered every 2-3 days, keeping the soil moist but not waterlogged."
What fertilizer is good for wheat crops?,"A balanced fertilizer with nitrogen, phosphorus, and potassium (NPK 10-26-26) is recommended for wheat crops."
How can I control pests on my cotton farm?,"Use integrated pest management including neem-based pesticides, pheromone traps, and crop rotation."
Which crop is best for sandy soil?,"Crops like groundnut, millets, and watermelon grow well in sandy soils."
What is the best time to plant rice?,"The best time to plant rice depends on your region, but generally it is during the monsoon season between June and July."
How often should I water tomato plants?,"Tomato plants should be watered every 2-3 days, keeping the soil moist but not waterlogged."
What fertilizer is good for wheat crops?,"A balanced fertilizer with nitrogen, phosphorus, and potassium (NPK 10-26-26) is recommended for wheat crops."
How can I control pests on my cotton farm?,"Use integrated pest management including neem-based pesticides, pheromone traps, and crop rotation."
Which crop is best for sandy soil?,"Crops like groundnut, millets, and watermelon grow well in sandy soils."
What is the best time to plant rice?,"The best time to plant rice depends on your region, but generally it is during the monsoon season between June and July."
How often should I water tomato plants?,"Tomato plants should be watered every 2-3 days, keeping the soil moist but not waterlogged."
What fertilizer is good for wheat crops?,"A balanced fertilizer with nitrogen, phosphorus, and potassium (NPK 10-26-26) is recommended for wheat crops."
How can I control pests on my cotton farm?,"Use integrated pest management including neem-based pesticides, pheromone traps, and crop rotation."
Which crop is best for sandy soil?,"Crops like groundnut, millets, and watermelon grow well in sandy soils."
What is the best time to plant rice?,"The best time to plant rice depends on your region, but generally it is during the monsoon season between June and July."
How often should I water tomato plants?,"Tomato plants should be watered every 2-3 days, keeping the soil moist but not waterlogged."
What fertilizer is good for wheat crops?,"A balanced fertilizer with nitrogen, phosphorus, and potassium (NPK 10-26-26) is recommended for wheat crops."
How can I control pests on my cotton farm?,"Use integrated pest management including neem-based pesticides, pheromone traps, and crop rotation."
Which crop is best for sandy soil?,"Crops like groundnut, millets, and watermelon grow well in sandy soils."
What is the best time to plant rice?,"The best time to plant rice depends on your region, but generally it is during the monsoon season between June and July."
How often should I water tomato plants?,"Tomato plants should be watered every 2-3 days, keeping the soil moist but not waterlogged."
What fertilizer is good for wheat crops?,"A balanced fertilizer with nitrogen, phosphorus, and potassium (NPK 10-26-26) is recommended for wheat crops."
How can I control pests on my cotton farm?,"Use integrated pest management including neem-based pesticides, pheromone traps, and crop rotation."
Which crop is best for sandy soil?,"Crops like groundnut, millets, and watermelon grow well in sandy soils."
What is the best time to plant rice?,"The best time to plant rice depends on your region, but generally it is during the monsoon season between June and July."
How often should I water tomato plants?,"Tomato plants should be watered every 2-3 days, keeping the soil moist but not waterlogged."
What fertilizer is good for wheat crops?,"A balanced fertilizer with nitrogen, phosphorus, and potassium (NPK 10-26-26) is recommended for wheat crops."
How can I control pests on my cotton farm?,"Use integrated pest management including neem-based pesticides, pheromone traps, and crop rotation."
Which crop is best for sandy soil?,"Crops like groundnut, millets, and watermelon grow well in sandy soils."
What is the best time to plant rice?,"The best time to plant rice depends on your region, but generally it is during the monsoon season between June and July."
How often should I water tomato plants?,"Tomato plants should be watered every 2-3 days, keeping the soil moist but not waterlogged."
What fertilizer is good for wheat crops?,"A balanced fertilizer with nitrogen, phosphorus, and potassium (NPK 10-26-26) is recommended for wheat crops."
How can I control pests on my cotton farm?,"Use integrated pest management including neem-based pesticides, pheromone traps, and crop rotation."
Which crop is best for sandy soil?,"Crops like groundnut, millets, and watermelon grow well in sandy soils."
What is the best time to plant rice?,"The best time to plant rice depends on your region, but generally it is during the monsoon season between June and July."
How often should I water tomato plants?,"Tomato plants should be watered every 2-3 days, keeping the soil moist but not waterlogged."
What fertilizer is good for wheat crops?,"A balanced fertilizer with nitrogen, phosphorus, and potassium (NPK 10-26-26) is recommended for wheat crops."
How can I control pests on my cotton farm?,"Use integrated pest management including neem-based pesticides, pheromone traps, and crop rotation."
Which crop is best for sandy soil?,"Crops like groundnut, millets, and watermelon grow well in sandy soils."
What is the best time to plant rice?,"The best time to plant rice depends on your region, but generally it is during the monsoon season between June and July."
How often should I water tomato plants?,"Tomato plants should be watered every 2-3 days, keeping the soil moist but not waterlogged."
What fertilizer is good for wheat crops?,"A balanced fertilizer with nitrogen, phosphorus, and potassium (NPK 10-26-26) is recommended for wheat crops."
How can I control pests on my cotton farm?,"Use integrated pest management including neem-based pesticides, pheromone traps, and crop rotation."
Which crop is best for sandy soil?,"Crops like groundnut, millets, and watermelon grow well in sandy soils."
What is the best time to plant rice?,"The best time to plant rice depends on your region, but generally it is during the monsoon season between June and July."
How often should I water tomato plants?,"Tomato plants should be watered every 2-3 days, keeping the soil moist but not waterlogged."
What fertilizer is good for wheat crops?,"A balanced fertilizer with nitrogen, phosphorus, and potassium (NPK 10-26-26) is recommended for wheat crops."
How can I control pests on my cotton farm?,"Use integrated pest management including neem-based pesticides, pheromone traps, and crop rotation."
Which crop is best for sandy soil?,"Crops like groundnut, millets, and watermelon grow well in sandy soils."
What is the best time to plant rice?,"The best time to plant rice depends on your region, but generally it is during the monsoon season between June and July."
How often should I water tomato plants?,"Tomato plants should be watered every 2-3 days, keeping the soil moist but not waterlogged."
What fertilizer is good for wheat crops?,"A balanced fertilizer with nitrogen, phosphorus, and potassium (NPK 10-26-26) is recommended for wheat crops."
How can I control pests on my cotton farm?,"Use integrated pest management including neem-based pesticides, pheromone traps, and crop rotation."
Which crop is best for sandy soil?,"Crops like groundnut, millets, and watermelon grow well in sandy soils."
What is the best time to plant rice?,"The best time to plant rice depends on your region, but generally it is during the monsoon season between June and July."
How often should I water tomato plants?,"Tomato plants should be watered every 2-3 days, keeping the soil moist but not waterlogged."
What fertilizer is good for wheat crops?,"A balanced fertilizer with nitrogen, phosphorus, and potassium (NPK 10-26-26) is recommended for wheat crops."
How can I control pests on my cotton farm?,"Use integrated pest management including neem-based pesticides, pheromone traps, and crop rotation."
Which crop is best for sandy soil?,"Crops like groundnut, millets, and watermelon grow well in sandy soils."
What is the best time to plant rice?,"The best time to plant rice depends on your region, but generally it is during the monsoon season between June and July."
How often should I water tomato plants?,"Tomato plants should be watered every 2-3 days, keeping the soil moist but not waterlogged."
What fertilizer is good for wheat crops?,"A balanced fertilizer with nitrogen, phosphorus, and potassium (NPK 10-26-26) is recommended for wheat crops."
How can I control pests on my cotton farm?,"Use integrated pest management including neem-based pesticides, pheromone traps, and crop rotation."
Which crop is best for sandy soil?,"Crops like groundnut, millets, and watermelon grow well in sandy soils."
What is the best time to plant rice?,"The best time to plant rice depends on your region, but generally it is during the monsoon season between June and July."
How often should I water tomato plants?,"Tomato plants should be watered every 2-3 days, keeping the soil moist but not waterlogged."
What fertilizer is good for wheat crops?,"A balanced fertilizer with nitrogen, phosphorus, and potassium (NPK 10-26-26) is recommended for wheat crops."
How can I control pests on my cotton farm?,"Use integrated pest management including neem-based pesticides, pheromone traps, and crop rotation."
Which crop is best for sandy soil?,"Crops like groundnut, millets, and watermelon grow well in sandy soils."
What is the best time to plant rice?,"The best time to plant rice depends on your region, but generally it is during the monsoon season between June and July."
How often should I water tomato plants?,"Tomato plants should be watered every 2-3 days, keeping the soil moist but not waterlogged."
What fertilizer is good for wheat crops?,"A balanced fertilizer with nitrogen, phosphorus, and potassium (NPK 10-26-26) is recommended for wheat crops."
How can I control pests on my cotton farm?,"Use integrated pest management including neem-based pesticides, pheromone traps, and crop rotation."
Which crop is best for sandy soil?,"Crops like groundnut, millets, and watermelon grow well in sandy soils."
What is the best time to plant rice?,"The best time to plant rice depends on your region, but generally it is during the monsoon season between June and July."
How often should I water tomato plants?,"Tomato plants should be watered every 2-3 days, keeping the soil moist but not waterlogged."
What fertilizer is good for wheat crops?,"A balanced fertilizer with nitrogen, phosphorus, and potassium (NPK 10-26-26) is recommended for wheat crops."
How can I control pests on my cotton farm?,"Use integrated pest management including neem-based pesticides, pheromone traps, and crop rotation."
Which crop is best for sandy soil?,"Crops like groundnut, millets, and watermelon grow well in sandy soils."
What is the best time to plant rice?,"The best time to plant rice depends on your region, but generally it is during the monsoon season between June and July."
How often should I water tomato plants?,"Tomato plants should be watered every 2-3 days, keeping the soil moist but not waterlogged."
What fertilizer is good for wheat crops?,"A balanced fertilizer with nitrogen, phosphorus, and potassium (NPK 10-26-26) is recommended for wheat crops."
How can I control pests on my cotton farm?,"Use integrated pest management including neem-based pesticides, pheromone traps, and crop rotation."
Which crop is best for sandy soil?,"Crops like groundnut, millets, and watermelon grow well in sandy soils."
What is the best time to plant rice?,"The best time to plant rice depends on your region, but generally it is during the monsoon season between June and July."
How often should I water tomato plants?,"Tomato plants should be watered every 2-3 days, keeping the soil moist but not waterlogged."
What fertilizer is good for wheat crops?,"A balanced fertilizer with nitrogen, phosphorus, and potassium (NPK 10-26-26) is recommended for wheat crops."
How can I control pests on my cotton farm?,"Use integrated pest management including neem-based pesticides, pheromone traps, and crop rotation."
Which crop is best for sandy soil?,"Crops like groundnut, millets, and watermelon grow well in sandy soils."
What is the best time to plant rice?,"The best time to plant rice depends on your region, but generally it is during the monsoon season between June and July."
How often should I water tomato plants?,"Tomato plants should be watered every 2-3 days, keeping the soil moist but not waterlogged."
What fertilizer is good for wheat crops?,"A balanced fertilizer with nitrogen, phosphorus, and potassium (NPK 10-26-26) is recommended for wheat crops."
How can I control pests on my cotton farm?,"Use integrated pest management including neem-based pesticides, pheromone traps, and crop rotation."
Which crop is best for sandy soil?,"Crops like groundnut, millets, and watermelon grow well in sandy soils."
What is the best time to plant rice?,"The best time to plant rice depends on your region, but generally it is during the monsoon season between June and July."
How often should I water tomato plants?,"Tomato plants should be watered every 2-3 days, keeping the soil moist but not waterlogged."
What fertilizer is good for wheat crops?,"A balanced fertilizer with nitrogen, phosphorus, and potassium (NPK 10-26-26) is recommended for wheat crops."
How can I control pests on my cotton farm?,"Use integrated pest management including neem-based pesticides, pheromone traps, and crop rotation."
Which crop is best for sandy soil?,"Crops like groundnut, millets, and watermelon grow well in sandy soils."
What is the best time to plant rice?,"The best time to plant rice depends on your region, but generally it is during the monsoon season between June and July."
How often should I water tomato plants?,"Tomato plants should be watered every 2-3 days, keeping the soil moist but not waterlogged."
What fertilizer is good for wheat crops?,"A balanced fertilizer with nitrogen, phosphorus, and potassium (NPK 10-26-26) is recommended for wheat crops."
How can I control pests on my cotton farm?,"Use integrated pest management including neem-based pesticides, pheromone traps, and crop rotation."
Which crop is best for sandy soil?,"Crops like groundnut, millets, and watermelon grow well in sandy soils."
What is the best time to plant rice?,"The best time to plant rice depends on your region, but generally it is during the monsoon season between June and July."
How often should I water tomato plants?,"Tomato plants should be watered every 2-3 days, keeping the soil moist but not waterlogged."
What fertilizer is good for wheat crops?,"A balanced fertilizer with nitrogen, phosphorus, and potassium (NPK 10-26-26) is recommended for wheat crops."
How can I control pests on my cotton farm?,"Use integrated pest management including neem-based pesticides, pheromone traps, and crop rotation."
Which crop is best for sandy soil?,"Crops like groundnut, millets, and watermelon grow well in sandy soils."
What is the best time to plant rice?,"The best time to plant rice depends on your region, but generally it is during the monsoon season between June and July."
How often should I water tomato plants?,"Tomato plants should be watered every 2-3 days, keeping the soil moist but not waterlogged."
What fertilizer is good for wheat crops?,"A balanced fertilizer with nitrogen, phosphorus, and potassium (NPK 10-26-26) is recommended for wheat crops."
How can I control pests on my cotton farm?,"Use integrated pest management including neem-based pesticides, pheromone traps, and crop rotation."
Which crop is best for sandy soil?,"Crops like groundnut, millets, and watermelon grow well in sandy soils."
What is the best time to plant rice?,"The best time to plant rice depends on your region, but generally it is during the monsoon season between June and July."
How often should I water tomato plants?,"Tomato plants should be watered every 2-3 days, keeping the soil moist but not waterlogged."
What fertilizer is good for wheat crops?,"A balanced fertilizer with nitrogen, phosphorus, and potassium (NPK 10-26-26) is recommended for wheat crops."
How can I control pests on my cotton farm?,"Use integrated pest management including neem-based pesticides, pheromone traps, and crop rotation."
Which crop is best for sandy soil?,"Crops like groundnut, millets, and watermelon grow well in sandy soils."
What is the best time to plant rice?,"The best time to plant rice depends on your region, but generally it is during the monsoon season between June and July."
How often should I water tomato plants?,"Tomato plants should be watered every 2-3 days, keeping the soil moist but not waterlogged."
What fertilizer is good for wheat crops?,"A balanced fertilizer with nitrogen, phosphorus, and potassium (NPK 10-26-26) is recommended for wheat crops."
How can I control pests on my cotton farm?,"Use integrated pest management including neem-based pesticides, pheromone traps, and crop rotation."
Which crop is best for sandy soil?,"Crops like groundnut, millets, and watermelon grow well in sandy soils."
What is the best time to plant rice?,"The best time to plant rice depends on your region, but generally it is during the monsoon season between June and July."
How often should I water tomato plants?,"Tomato plants should be watered every 2-3 days, keeping the soil moist but not waterlogged."
What fertilizer is good for wheat crops?,"A balanced fertilizer with nitrogen, phosphorus, and potassium (NPK 10-26-26) is recommended for wheat crops."
How can I control pests on my cotton farm?,"Use integrated pest management including neem-based pesticides, pheromone traps, and crop rotation."
Which crop is best for sandy soil?,"Crops like groundnut, millets, and watermelon grow well in sandy soils."
What is the best time to plant rice?,"The best time to plant rice depends on your region, but generally it is during the monsoon season between June and July."
How often should I water tomato plants?,"Tomato plants should be watered every 2-3 days, keeping the soil moist but not waterlogged."
What fertilizer is good for wheat crops?,"A balanced fertilizer with nitrogen, phosphorus, and potassium (NPK 10-26-26) is recommended for wheat crops."
How can I control pests on my cotton farm?,"Use integrated pest management including neem-based pesticides, pheromone traps, and crop rotation."
Which crop is best for sandy soil?,"Crops like groundnut, millets, and watermelon grow well in sandy soils."
What is the best time to plant rice?,"The best time to plant rice depends on your region, but generally it is during the monsoon season between June and July."
How often should I water tomato plants?,"Tomato plants should be watered every 2-3 days, keeping the soil moist but not waterlogged."
What fertilizer is good for wheat crops?,"A balanced fertilizer with nitrogen, phosphorus, and potassium (NPK 10-26-26) is recommended for wheat crops."
How can I control pests on my cotton farm?,"Use integrated pest management including neem-based pesticides, pheromone traps, and crop rotation."
Which crop is best for sandy soil?,"Crops like groundnut, millets, and watermelon grow well in sandy soils."
What is the best time to plant rice?,"The best time to plant rice depends on your region, but generally it is during the monsoon season between June and July."
How often should I water tomato plants?,"Tomato plants should be watered every 2-3 days, keeping the soil moist but not waterlogged."
What fertilizer is good for wheat crops?,"A balanced fertilizer with nitrogen, phosphorus, and potassium (NPK 10-26-26) is recommended for wheat crops."
How can I control pests on my cotton farm?,"Use integrated pest management including neem-based pesticides, pheromone traps, and crop rotation."
Which crop is best for sandy soil?,"Crops like groundnut, millets, and watermelon grow well in sandy soils."
What is the best time to plant rice?,"The best time to plant rice depends on your region, but generally it is during the monsoon season between June and July."
How often should I water tomato plants?,"Tomato plants should be watered every 2-3 days, keeping the soil moist but not waterlogged."
What fertilizer is good for wheat crops?,"A balanced fertilizer with nitrogen, phosphorus, and potassium (NPK 10-26-26) is recommended for wheat crops."
How can I control pests on my cotton farm?,"Use integrated pest management including neem-based pesticides, pheromone traps, and crop rotation."
Which crop is best for sandy soil?,"Crops like groundnut, millets, and watermelon grow well in sandy soils."
What is the best time to plant rice?,"The best time to plant rice depends on your region, but generally it is during the monsoon season between June and July."
How often should I water tomato plants?,"Tomato plants should be watered every 2-3 days, keeping the soil moist but not waterlogged."
What fertilizer is good for wheat crops?,"A balanced fertilizer with nitrogen, phosphorus, and potassium (NPK 10-26-26) is recommended for wheat crops."
How can I control pests on my cotton farm?,"Use integrated pest management including neem-based pesticides, pheromone traps, and crop rotation."
Which crop is best for sandy soil?,"Crops like groundnut, millets, and watermelon grow well in sandy soils."
What is the best time to plant rice?,"The best time to plant rice depends on your region, but generally it is during the monsoon season between June and July."
How often should I water tomato plants?,"Tomato plants should be watered every 2-3 days, keeping the soil moist but not waterlogged."
What fertilizer is good for wheat crops?,"A balanced fertilizer with nitrogen, phosphorus, and potassium (NPK 10-26-26) is recommended for wheat crops."
How can I control pests on my cotton farm?,"Use integrated pest management including neem-based pesticides, pheromone traps, and crop rotation."
Which crop is best for sandy soil?,"Crops like groundnut, millets, and watermelon grow well in sandy soils."
What is the best time to plant rice?,"The best time to plant rice depends on your region, but generally it is during the monsoon season between June and July."
How often should I water tomato plants?,"Tomato plants should be watered every 2-3 days, keeping the soil moist but not waterlogged."
What fertilizer is good for wheat crops?,"A balanced fertilizer with nitrogen, phosphorus, and potassium (NPK 10-26-26) is recommended for wheat crops."
How can I control pests on my cotton farm?,"Use integrated pest management including neem-based pesticides, pheromone traps, and crop rotation."
Which crop is best for sandy soil?,"Crops like groundnut, millets, and watermelon grow well in sandy soils."
What is the best time to plant rice?,"The best time to plant rice depends on your region, but generally it is during the monsoon season between June and July."
How often should I water tomato plants?,"Tomato plants should be watered every 2-3 days, keeping the soil moist but not waterlogged."
What fertilizer is good for wheat crops?,"A balanced fertilizer with nitrogen, phosphorus, and potassium (NPK 10-26-26) is recommended for wheat crops."
How can I control pests on my cotton farm?,"Use integrated pest management including neem-based pesticides, pheromone traps, and crop rotation."
Which crop is best for sandy soil?,"Crops like groundnut, millets, and watermelon grow well in sandy soils."
What is the best time to plant rice?,"The best time to plant rice depends on your region, but generally it is during the monsoon season between June and July."
How often should I water tomato plants?,"Tomato plants should be watered every 2-3 days, keeping the soil moist but not waterlogged."
What fertilizer is good for wheat crops?,"A balanced fertilizer with nitrogen, phosphorus, and potassium (NPK 10-26-26) is recommended for wheat crops."
How can I control pests on my cotton farm?,"Use integrated pest management including neem-based pesticides, pheromone traps, and crop rotation."
Which crop is best for sandy soil?,"Crops like groundnut, millets, and watermelon grow well in sandy soils."
What is the best time to plant rice?,"The best time to plant rice depends on your region, but generally it is during the monsoon season between June and July."
How often should I water tomato plants?,"Tomato plants should be watered every 2-3 days, keeping the soil moist but not waterlogged."
What fertilizer is good for wheat crops?,"A balanced fertilizer with nitrogen, phosphorus, and potassium (NPK 10-26-26) is recommended for wheat crops."
How can I control pests on my cotton farm?,"Use integrated pest management including neem-based pesticides, pheromone traps, and crop rotation."
Which crop is best for sandy soil?,"Crops like groundnut, millets, and watermelon grow well in sandy soils."
What is the best time to plant rice?,"The best time to plant rice depends on your region, but generally it is during the monsoon season between June and July."
How often should I water tomato plants?,"Tomato plants should be watered every 2-3 days, keeping the soil moist but not waterlogged."
What fertilizer is good for wheat crops?,"A balanced fertilizer with nitrogen, phosphorus, and potassium (NPK 10-26-26) is recommended for wheat crops."
How can I control pests on my cotton farm?,"Use integrated pest management including neem-based pesticides, pheromone traps, and crop rotation."
Which crop is best for sandy soil?,"Crops like groundnut, millets, and watermelon grow well in sandy soils."
What is the best time to plant rice?,"The best time to plant rice depends on your region, but generally it is during the monsoon season between June and July."
How often should I water tomato plants?,"Tomato plants should be watered every 2-3 days, keeping the soil moist but not waterlogged."
What fertilizer is good for wheat crops?,"A balanced fertilizer with nitrogen, phosphorus, and potassium (NPK 10-26-26) is recommended for wheat crops."
How can I control pests on my cotton farm?,"Use integrated pest management including neem-based pesticides, pheromone traps, and crop rotation."
Which crop is best for sandy soil?,"Crops like groundnut, millets, and watermelon grow well in sandy soils."
What is the best time to plant rice?,"The best time to plant rice depends on your region, but generally it is during the monsoon season between June and July."
How often should I water tomato plants?,"Tomato plants should be watered every 2-3 days, keeping the soil moist but not waterlogged."
What fertilizer is good for wheat crops?,"A balanced fertilizer with nitrogen, phosphorus, and potassium (NPK 10-26-26) is recommended for wheat crops."
How can I control pests on my cotton farm?,"Use integrated pest management including neem-based pesticides, pheromone traps, and crop rotation."
Which crop is best for sandy soil?,"Crops like groundnut, millets, and watermelon grow well in sandy soils."
What is the best time to plant rice?,"The best time to plant rice depends on your region, but generally it is during the monsoon season between June and July."
How often should I water tomato plants?,"Tomato plants should be watered every 2-3 days, keeping the soil moist but not waterlogged."
What fertilizer is good for wheat crops?,"A balanced fertilizer with nitrogen, phosphorus, and potassium (NPK 10-26-26) is recommended for wheat crops."
How can I control pests on my cotton farm?,"Use integrated pest management including neem-based pesticides, pheromone traps, and crop rotation."
Which crop is best for sandy soil?,"Crops like groundnut, millets, and watermelon grow well in sandy soils."
What is the best time to plant rice?,"The best time to plant rice depends on your region, but generally it is during the monsoon season between June and July."
How often should I water tomato plants?,"Tomato plants should be watered every 2-3 days, keeping the soil moist but not waterlogged."
What fertilizer is good for wheat crops?,"A balanced fertilizer with nitrogen, phosphorus, and potassium (NPK 10-26-26) is recommended for wheat crops."
How can I control pests on my cotton farm?,"Use integrated pest management including neem-based pesticides, pheromone traps, and crop rotation."
Which crop is best for sandy soil?,"Crops like groundnut, millets, and watermelon grow well in sandy soils."
What is the best time to plant rice?,"The best time to plant rice depends on your region, but generally it is during the monsoon season between June and July."
How often should I water tomato plants?,"Tomato plants should be watered every 2-3 days, keeping the soil moist but not waterlogged."
What fertilizer is good for wheat crops?,"A balanced fertilizer with nitrogen, phosphorus, and potassium (NPK 10-26-26) is recommended for wheat crops."
How can I control pests on my cotton farm?,"Use integrated pest management including neem-based pesticides, pheromone traps, and crop rotation."
Which crop is best for sandy soil?,"Crops like groundnut, millets, and watermelon grow well in sandy soils."
What is the best time to plant rice?,"The best time to plant rice depends on your region, but generally it is during the monsoon season between June and July."
How often should I water tomato plants?,"Tomato plants should be watered every 2-3 days, keeping the soil moist but not waterlogged."
What fertilizer is good for wheat crops?,"A balanced fertilizer with nitrogen, phosphorus, and potassium (NPK 10-26-26) is recommended for wheat crops."
How can I control pests on my cotton farm?,"Use integrated pest management including neem-based pesticides, pheromone traps, and crop rotation."
Which crop is best for sandy soil?,"Crops like groundnut, millets, and watermelon grow well in sandy soils."
What is the best time to plant rice?,"The best time to plant rice depends on your region, but generally it is during the monsoon season between June and July."
How often should I water tomato plants?,"Tomato plants should be watered every 2-3 days, keeping the soil moist but not waterlogged."
What fertilizer is good for wheat crops?,"A balanced fertilizer with nitrogen, phosphorus, and potassium (NPK 10-26-26) is recommended for wheat crops."
How can I control pests on my cotton farm?,"Use integrated pest management including neem-based pesticides, pheromone traps, and crop rotation."
Which crop is best for sandy soil?,"Crops like groundnut, millets, and watermelon grow well in sandy soils."
What is the best time to plant rice?,"The best time to plant rice depends on your region, but generally it is during the monsoon season between June and July."
How often should I water tomato plants?,"Tomato plants should be watered every 2-3 days, keeping the soil moist but not waterlogged."
What fertilizer is good for wheat crops?,"A balanced fertilizer with nitrogen, phosphorus, and potassium (NPK 10-26-26) is recommended for wheat crops."
How can I control pests on my cotton farm?,"Use integrated pest management including neem-based pesticides, pheromone traps, and crop rotation."
Which crop is best for sandy soil?,"Crops like groundnut, millets, and watermelon grow well in sandy soils."
What is the best time to plant rice?,"The best time to plant rice depends on your region, but generally it is during the monsoon season between June and July."
How often should I water tomato plants?,"Tomato plants should be watered every 2-3 days, keeping the soil moist but not waterlogged."
What fertilizer is good for wheat crops?,"A balanced fertilizer with nitrogen, phosphorus, and potassium (NPK 10-26-26) is recommended for wheat crops."
How can I control pests on my cotton farm?,"Use integrated pest management including neem-based pesticides, pheromone traps, and crop rotation."
Which crop is best for sandy soil?,"Crops like groundnut, millets, and watermelon grow well in sandy soils."
What is the best time to plant rice?,"The best time to plant rice depends on your region, but generally it is during the monsoon season between June and July."
How often should I water tomato plants?,"Tomato plants should be watered every 2-3 days, keeping the soil moist but not waterlogged."
What fertilizer is good for wheat crops?,"A balanced fertilizer with nitrogen, phosphorus, and potassium (NPK 10-26-26) is recommended for wheat crops."
How can I control pests on my cotton farm?,"Use integrated pest management including neem-based pesticides, pheromone traps, and crop rotation."
Which crop is best for sandy soil?,"Crops like groundnut, millets, and watermelon grow well in sandy soils."
